bhavanagalla777@gmail.com bonny Bonny@123
bgalla@mail.bradley.edu Bhavana Bhavana@123  
poojita20@gmail.com PoojiJ Poojij@123
namrathananny@gmail.com nanny Nanny@777
shashican19@gmail.com shashi Shashi@123
bhavanabonny@gmail.com Suma Suma@1234
jpoojita@hotmail.com Madhu Madhu@123
ramanujarao777@gmail.com Babji Babji@123
abc@gmail.com abcdefgh Password@123
bgalla@mail.bradley.edu gallab1111 Bgalla@123
abc@gmail.com 111111 Password@123
bhavanabonny@gmail.com bgalla Password@123
bhavanabonny@gmail.com ntabassum Password@123
bhavanabonny@gmail.com nssswwwwwww Password@123
abc@gmail.com abcdefgh Password@123
abc@gmail.com abcdefgh Password@123
bgalla@mail.bradley.edu bgalla1111 Bgalla@123
hnagam@mail.bradley.edu Bradley Nagam@123
hnagam@mail.bradley.edu Bradley Hnagam@123
bhavanabonny@gmail.com Nannnny Nanny@123
bhavanabonny@gmail.com Nannnny Password@123
bhavanagalla777@gmail.com Himaja Bonny@123
